{"cameraMode":{"drawMode":0,"name":"Shaded","section":"Shading Mode"},"sceneLighting":true,"audioPlay":false,"sceneViewState":{"showFog":true,"showMaterialUpdate":false,"showSkybox":true,"showFlares":true,"showImageEffects":true,"showParticleSystems":true},"in2DMode":false,"pivot":{"x":740.4390258789063,"y":106.32449340820313,"z":0.0},"rotation":{"x":-0.0341893695294857,"y":-0.003320051822811365,"z":-0.00021270211436785758,"w":0.9995745420455933},"size":255.51304626464845,"orthographic":false}