{"cameraMode":{"drawMode":0,"name":"Shaded","section":"Shading Mode"},"sceneLighting":true,"audioPlay":false,"sceneViewState":{"showFog":true,"showMaterialUpdate":false,"showSkybox":true,"showFlares":true,"showImageEffects":true,"showParticleSystems":true},"in2DMode":false,"pivot":{"x":418.36279296875,"y":237.3870849609375,"z":-10.62286376953125},"rotation":{"x":-0.016193224117159845,"y":0.008675343357026577,"z":0.000042227791709592566,"w":1.0000014305114747},"size":810.8490600585938,"orthographic":false}