{"cameraMode":{"drawMode":0,"name":"Shaded","section":"Shading Mode"},"sceneLighting":true,"audioPlay":false,"sceneViewState":{"showFog":true,"showMaterialUpdate":false,"showSkybox":true,"showFlares":true,"showImageEffects":true,"showParticleSystems":true},"in2DMode":false,"pivot":{"x":0.6135770082473755,"y":0.31611907482147219,"z":-0.35391882061958315},"rotation":{"x":-0.08274663239717484,"y":-0.8053751587867737,"z":0.11580049991607666,"w":-0.5754407048225403},"size":5.52442741394043,"orthographic":false}