{"cameraMode":{"drawMode":0,"name":"Shaded","section":"Shading Mode"},"sceneLighting":false,"audioPlay":false,"sceneViewState":{"showFog":true,"showMaterialUpdate":false,"showSkybox":false,"showFlares":true,"showImageEffects":true,"showParticleSystems":true},"in2DMode":false,"pivot":{"x":17.96331214904785,"y":-2.212071657180786,"z":-44.02440643310547},"rotation":{"x":-0.06476129591464997,"y":0.012254367582499981,"z":-0.0008153578382916749,"w":-0.9978474378585815},"size":33.192691802978519,"orthographic":false}