{"cameraMode":{"drawMode":0,"name":"Shaded","section":"Shading Mode"},"sceneLighting":true,"audioPlay":false,"sceneViewState":{"showFog":true,"showMaterialUpdate":false,"showSkybox":true,"showFlares":true,"showImageEffects":true,"showParticleSystems":true},"in2DMode":false,"pivot":{"x":0.09242288768291474,"y":0.6340437531471252,"z":-0.46501997113227847},"rotation":{"x":-0.24962177872657777,"y":-0.012494020164012909,"z":0.0032208203338086607,"w":-0.9682615399360657},"size":6.099605560302734,"orthographic":false}